Workbook

Sheet Regression_Output
A1: SUMMARY OUTPUT
A3: Regression Statistics
A4: Multiple R | B4: 0.60162533
A5: R Square | B5: 0.36195304
A6: Adjusted R Square | B6: 0.32328352
A7: Standard Error | B7: 2.9904897
A8: Observations | B8: 36
A10: ANOVA
B11: df | C11: SS | D11: MS | E11: F | F11: Significance F
A12: Regression | B12: 2 | C12: 167.41645 | D12: 83.708225 | E12: 9.3601654 | F12: 0.00060265485
A13: Residual | B13: 33 | C13: 295.11994 | D13: 8.9430284
A14: Total | B14: 35 | C14: 462.53639
B16: Coefficients | C16: Standard Error | D16: t Stat | E16: P-value | F16: Lower 95% | G16: Upper 95% | H16: Lower 95.0% | I16: Upper 95.0%
A17: Intercept | B17: 142016.5 | C17: 33360.905 | D17: 4.2569737 | E17: 0.00016133977 | F17: 74143.226 | G17: 209889.77 | H17: 74143.226 | I17: 209889.77
A18: X Variable 1 | B18: -3.188579 | C18: 0.74917073 | D18: -4.2561446 | E18: 0.00016172543 | F18: -4.7127783 | G18: -1.6643797 | H18: -4.7127783 | I18: -1.6643797
A19: X Variable 2 | B19: 97.05633 | C19: 22.812637 | D19: 4.2544986 | E19: 0.00016249377 | F19: 50.643672 | G19: 143.46899 | H19: 50.643672 | I19: 143.46899

Sheet Data
A1: Month | B1: Month_No | C1: Avg_Temp_C | D1: Flu_Cases | E1: Demand_Units | F1: Set
A2: 44562 | B2: 1 | C2: 22.9 | D2: 44 | E2: 4553 | F2: Train
A3: 44593 | B3: 2 | C3: 25.3 | D3: 40 | E3: 4254 | F3: Train
A4: 44621 | B4: 3 | C4: 27.1 | D4: 57 | E4: 4645 | F4: Train
A5: 44652 | B5: 4 | C5: 28.8 | D5: 101 | E5: 5205 | F5: Train
A6: 44682 | B6: 5 | C6: 31.4 | D6: 140 | E6: 5555 | F6: Train
A7: 44713 | B7: 6 | C7: 31.3 | D7: 165 | E7: 5611 | F7: Train
A8: 44743 | B8: 7 | C8: 32 | D8: 185 | E8: 5952 | F8: Train
A9: 44774 | B9: 8 | C9: 29 | D9: 214 | E9: 6262 | F9: Train
A10: 44805 | B10: 9 | C10: 26.7 | D10: 182 | E10: 6122 | F10: Train
A11: 44835 | B11: 10 | C11: 24.8 | D11: 169 | E11: 6035 | F11: Train
A12: 44866 | B12: 11 | C12: 24.4 | D12: 122 | E12: 5516 | F12: Train
A13: 44896 | B13: 12 | C13: 21.3 | D13: 103 | E13: 5636 | F13: Train
... A49: 45992 | B49: 48 | C49: 21.2 | D49: 91 | E49: 7019 | F49: Test

Sheet Model
A1: Month_No | B1: Flu_Cases | C1: Demand_Units | D1: Predicted_Demand | E1: Abs_Error | F1: Abs_%_Error | G1: Coeeficients | I1: Month
A2: =Data!B2 -> 1 | B2: =Data!D2 -> 44 | C2: =Data!E2 -> 4553 | D2: =$H$2+$H$3*A2+$H$4*B2 -> 146283.79 | G2: Intercept | H2: =Regression_Output!B17 -> 142016.5
A3: =Data!B3 -> 2 | B3: =Data!D3 -> 40 | C3: =Data!E3 -> 4254 | D3: =$H$2+$H$3*A3+$H$4*B3 -> 145892.37 | G3: Month No | H3: =Regression_Output!B18 -> -3.188579
A4: =Data!B4 -> 3 | B4: =Data!D4 -> 57 | C4: =Data!E4 -> 4645 | D4: =$H$2+$H$3*A4+$H$4*B4 -> 147539.14 | G4: Flu Cases | H4: =Regression_Output!B19 -> 97.05633
A5: =Data!B5 -> 4 | B5: =Data!D5 -> 101 | C5: =Data!E5 -> 5205 | D5: =$H$2+$H$3*A5+$H$4*B5 -> 151806.43
A6: =Data!B6 -> 5 | B6: =Data!D6 -> 140 | C6: =Data!E6 -> 5555 | D6: =$H$2+$H$3*A6+$H$4*B6 -> 155588.44
A7: =Data!B7 -> 6 | B7: =Data!D7 -> 165 | C7: =Data!E7 -> 5611 | D7: =$H$2+$H$3*A7+$H$4*B7 -> 158011.66 | G7: Metric | H7: Value
A8: =Data!B8 -> 7 | B8: =Data!D8 -> 185 | C8: =Data!E8 -> 5952 | D8: =$H$2+$H$3*A8+$H$4*B8 -> 159949.6 | G8: MAE | H8: =AVERAGE(E38:E49) -> 149427.57
A9: =Data!B9 -> 8 | B9: =Data!D9 -> 214 | C9: =Data!E9 -> 6262 | D9: =$H$2+$H$3*A9+$H$4*B9 -> 162761.04 | G9: RMSE | H9: =SQRT(SUMXMY2(C38:C49,D38:D49)/12) -> 149511.92
A10: =Data!B10 -> 9 | B10: =Data!D10 -> 182 | C10: =Data!E10 -> 6122 | D10: =$H$2+$H$3*A10+$H$4*B10 -> 159652.05 | G10: MAPE | H10: =AVERAGE(F38:F49) -> 20.700706
A11: =Data!B11 -> 10 | B11: =Data!D11 -> 169 | C11: =Data!E11 -> 6035 | D11: =$H$2+$H$3*A11+$H$4*B11 -> 158387.13
A12: =Data!B12 -> 11 | B12: =Data!D12 -> 122 | C12: =Data!E12 -> 5516 | D12: =$H$2+$H$3*A12+$H$4*B12 -> 153822.3
A13: =Data!B13 -> 12 | B13: =Data!D13 -> 103 | C13: =Data!E13 -> 5636 | D13: =$H$2+$H$3*A13+$H$4*B13 -> 151975.04
A14: =Data!B14 -> 13 | B14: =Data!D14 -> 57 | C14: =Data!E14 -> 4974 | D14: =$H$2+$H$3*A14+$H$4*B14 -> 147507.26
A15: =Data!B15 -> 14 | B15: =Data!D15 -> 72 | C15: =Data!E15 -> 5359 | D15: =$H$2+$H$3*A15+$H$4*B15 -> 148959.91
A16: =Data!B16 -> 15 | B16: =Data!D16 -> 74 | C16: =Data!E16 -> 5358 | D16: =$H$2+$H$3*A16+$H$4*B16 -> 149150.84
A17: =Data!B17 -> 16 | B17: =Data!D17 -> 110 | C17: =Data!E17 -> 5743 | D17: =$H$2+$H$3*A17+$H$4*B17 -> 152641.68
A18: =Data!B18 -> 17 | B18: =Data!D18 -> 134 | C18: =Data!E18 -> 6014 | D18: =$H$2+$H$3*A18+$H$4*B18 -> 154967.84
A19: =Data!B19 -> 18 | B19: =Data!D19 -> 147 | C19: =Data!E19 -> 6085 | D19: =$H$2+$H$3*A19+$H$4*B19 -> 156226.38
A20: =Data!B20 -> 19 | B20: =Data!D20 -> 186 | C20: =Data!E20 -> 6487 | D20: =$H$2+$H$3*A20+$H$4*B20 -> 160008.39
A21: =Data!B21 -> 20 | B21: =Data!D21 -> 193 | C21: =Data!E21 -> 6782 | D21: =$H$2+$H$3*A21+$H$4*B21 -> 160684.6
A22: =Data!B22 -> 21 | B22: =Data!D22 -> 192 | C22: =Data!E22 -> 6697 | D22: =$H$2+$H$3*A22+$H$4*B22 -> 160584.35
... A37: =Data!B37 -> 36 | B37: =Data!D37 -> 99 | C37: =Data!E37 -> 6460 | D37: =$H$2+$H$3*A37+$H$4*B37 -> 151510.29
A38: =Data!B38 -> 37 | B38: =Data!D38 -> 63 | C38: =Data!E38 -> 6297 | D38: =$H$2+$H$3*A38+$H$4*B38 -> 148013.07 | E38: =ABS(C38-D38) -> 141716.07 | F38: =E38/C38 -> 22.505331 | I38: =Data!A38 -> 45658
A39: =Data!B39 -> 38 | B39: =Data!D39 -> 71 | C39: =Data!E39 -> 6132 | D39: =$H$2+$H$3*A39+$H$4*B39 -> 148786.33 | E39: =ABS(C39-D39) -> 142654.33 | F39: =E39/C39 -> 23.263916 | I39: =Data!A39 -> 45689
A40: =Data!B40 -> 39 | B40: =Data!D40 -> 82 | C40: =Data!E40 -> 6527 | D40: =$H$2+$H$3*A40+$H$4*B40 -> 149850.76 | E40: =ABS(C40-D40) -> 143323.76 | F40: =E40/C40 -> 21.958597 | I40: =Data!A40 -> 45717
A41: =Data!B41 -> 40 | B41: =Data!D41 -> 141 | C41: =Data!E41 -> 7033 | D41: =$H$2+$H$3*A41+$H$4*B41 -> 155573.9 | E41: =ABS(C41-D41) -> 148540.9 | F41: =E41/C41 -> 21.12056 | I41: =Data!A41 -> 45748
A42: =Data!B42 -> 41 | B42: =Data!D42 -> 155 | C42: =Data!E42 -> 7272 | D42: =$H$2+$H$3*A42+$H$4*B42 -> 156929.5 | E42: =ABS(C42-D42) -> 149657.5 | F42: =E42/C42 -> 20.579964 | I42: =Data!A42 -> 45778
A43: =Data!B43 -> 42 | B43: =Data!D43 -> 201 | C43: =Data!E43 -> 7752 | D43: =$H$2+$H$3*A43+$H$4*B43 -> 161390.9 | E43: =ABS(C43-D43) -> 153638.9 | F43: =E43/C43 -> 19.81926 | I43: =Data!A43 -> 45809
A44: =Data!B44 -> 43 | B44: =Data!D44 -> 197 | C44: =Data!E44 -> 7612 | D44: =$H$2+$H$3*A44+$H$4*B44 -> 160999.49 | E44: =ABS(C44-D44) -> 153387.49 | F44: =E44/C44 -> 20.150747 | I44: =Data!A44 -> 45839
A45: =Data!B45 -> 44 | B45: =Data!D45 -> 219 | C45: =Data!E45 -> 7744 | D45: =$H$2+$H$3*A45+$H$4*B45 -> 163131.54 | E45: =ABS(C45-D45) -> 155387.54 | F45: =E45/C45 -> 20.065539 | I45: =Data!A45 -> 45870
A46: =Data!B46 -> 45 | B46: =Data!D46 -> 213 | C46: =Data!E46 -> 7721 | D46: =$H$2+$H$3*A46+$H$4*B46 -> 162546.01 | E46: =ABS(C46-D46) -> 154825.01 | F46: =E46/C46 -> 20.052456 | I46: =Data!A46 -> 45901
A47: =Data!B47 -> 46 | B47: =Data!D47 -> 196 | C47: =Data!E47 -> 7959 | D47: =$H$2+$H$3*A47+$H$4*B47 -> 160892.86 | E47: =ABS(C47-D47) -> 152933.86 | F47: =E47/C47 -> 19.215211 | I47: =Data!A47 -> 45931
A48: =Data!B48 -> 47 | B48: =Data!D48 -> 201 | C48: =Data!E48 -> 7986 | D48: =$H$2+$H$3*A48+$H$4*B48 -> 161374.96 | E48: =ABS(C48-D48) -> 153388.96 | F48: =E48/C48 -> 19.207232 | I48: =Data!A48 -> 45962
A49: =Data!B49 -> 48 | B49: =Data!D49 -> 91 | C49: =Data!E49 -> 7019 | D49: =$H$2+$H$3*A49+$H$4*B49 -> 150695.57 | E49: =ABS(C49-D49) -> 143676.57 | F49: =E49/C49 -> 20.469664 | I49: =Data!A49 -> 45992

Sheet Correlation
A1: Correlation | B1: Correlation with Demand
A2: Month_No | B2: =CORREL(Data!B2:B49,Data!E2:E49) -> 0.84761909
A3: Flu_cases | B3: =CORREL(Data!D2:D49,Data!E2:E49) -> 0.75794457
A4: Avg_Temp_C | B4: =CORREL(Data!C2:C49,Data!E2:E49) -> 0.20137076

Sheet About
A1: Paracetamol 500 mg – Monthly Hospital Pharmacy Demand (Jan 2022 – Dec 2025)
A2: Synthetic dataset created for a student project; not real patient data.
A3: Month_No: 1–48 time index | Avg_Temp_C: average monthly temperature
A4: Flu_Cases: monthly flu cases seen at the hospital | Demand_Units: tablets strips dispensed (target)
A5: Set: Train = months 1–36 (2022–2024), Test = months 37–48 (2025)

Sheet Problem
A1: Problem type | B1: Drug demand forecasting
A2: Objective | B2: Predict monthly demand for Paracetamol 500mg so the pharmacy can avoid stock outs and overstocking
A3: Target variable | B3: Demand_Units
A4: Predictors | B4: Month_No,Flu_Cases
A5: Method | B5: Multiple linear regression in Excel
A6: Evaluation | B6: MAE,RMSE,MAPE on the 2025 test data
